create	6.07	ms
load_unminified_653k	10.02	ms
load_minified_175k	6.64	ms
elm_init	5.02	ms
warm_check_6rows_simple	0.865	ms
warm_check_6rows_group	0.64	ms
warm_check_6rows_coalesce	0.638	ms
load_table_5000rows	59.37	ms
warm_check_5k_simple	23.05	ms
warm_check_5k_coalesce	47.6	ms
cross_isolate_wait	0.37	ms
cross_isolate_slow_call	851.07	ms
rss_per_loaded_isolate	1070	KB
rss_delta_after_30_create_load_destroy	32	KB
spin_other_isolate_call	0.08	ms ({:ok, "1"})
spin_deadline_1000ms_returned_after	1004.99	ms ({:error, :timeout})
